,n_estimators,min_samples_leaf,acc,f1,oob,sensitivity,specificity,infant_acc_0.1,infant_f1_0.1,infant_sensitivity_0.1,infant_specificity_0.1,infant_acc_0.2,infant_f1_0.2,infant_sensitivity_0.2,infant_specificity_0.2,infant_acc_0.3,infant_f1_0.3,infant_sensitivity_0.3,infant_specificity_0.3,infant_acc_0.4,infant_f1_0.4,infant_sensitivity_0.4,infant_specificity_0.4,infant_acc_0.5,infant_f1_0.5,infant_sensitivity_0.5,infant_specificity_0.5,infant_acc_0.6,infant_f1_0.6,infant_sensitivity_0.6,infant_specificity_0.6,infant_acc_0.7,infant_f1_0.7,infant_sensitivity_0.7,infant_specificity_0.7,infant_acc_0.8,infant_f1_0.8,infant_sensitivity_0.8,infant_specificity_0.8,infant_acc_0.9,infant_f1_0.9,infant_sensitivity_0.9,infant_specificity_0.9
0,714,20,0.6276619592019727,0.5929913771894222,0.16066606660666072,0.6094385679414158,0.6345915841584159,0.45454545454545453,0.45,1.0,0.25,0.45454545454545453,0.45,1.0,0.25,0.5454545454545454,0.5454545454545454,1.0,0.375,0.45454545454545453,0.45,0.6666666666666666,0.375,0.7272727272727273,0.6857142857142857,0.6666666666666666,0.75,0.8181818181818182,0.7708333333333333,0.6666666666666666,0.875,0.9090909090909091,0.8705882352941177,0.6666666666666666,1.0,0.7272727272727273,0.4210526315789474,0.0,1.0,0.7272727272727273,0.4210526315789474,0.0,1.0
