,number_of_features,acc,f1,oob,sensitivity,specificity
0,42,0.9471830985915493,0.9372486632197623,0.06394664574342879,0.8666666666666667,0.9845360824742269
