,number_of_features,acc,f1,oob,sensitivity,specificity
0,19,0.9383561643835616,0.9272707145624619,0.08587786259541985,0.8602150537634409,0.9748743718592965
