,number_of_features,acc,f1,oob,sensitivity,specificity
0,49,0.8673469387755102,0.8332145402708482,0.132703213610586,0.6559139784946236,0.9651741293532339
