,number_of_features,acc,f1,oob,sensitivity,specificity
0,27,0.8503401360544217,0.7637346580946816,0.1353497164461248,0.5070422535211268,0.9596412556053812
