,number_of_features,acc,f1,oob,sensitivity,specificity
0,20,0.9315068493150684,0.8999451754385964,0.09045801526717556,0.7605633802816901,0.9864253393665159
