,number_of_features,acc,f1,oob,sensitivity,specificity
0,25,0.9225352112676056,0.9070238095238096,0.10160847391133776,0.8111111111111111,0.9742268041237113
