,number_of_features,acc,f1,oob,sensitivity,specificity
0,13,0.9049295774647887,0.8488378969779408,0.11337779521380931,0.6086956521739131,1.0
