,number_of_features,acc,f1,oob,sensitivity,specificity
0,28,0.9225352112676056,0.8865155478058704,0.0839544919576305,0.7391304347826086,0.9813953488372092
