,min_samples_leaf,n_estimators,acc,f1,oob,sensitivity,specificity,infant_acc_0.1,infant_f1_0.1,infant_sensitivity_0.1,infant_specificity_0.1,infant_acc_0.2,infant_f1_0.2,infant_sensitivity_0.2,infant_specificity_0.2,infant_acc_0.3,infant_f1_0.3,infant_sensitivity_0.3,infant_specificity_0.3,infant_acc_0.4,infant_f1_0.4,infant_sensitivity_0.4,infant_specificity_0.4,infant_acc_0.5,infant_f1_0.5,infant_sensitivity_0.5,infant_specificity_0.5,infant_acc_0.6,infant_f1_0.6,infant_sensitivity_0.6,infant_specificity_0.6,infant_acc_0.7,infant_f1_0.7,infant_sensitivity_0.7,infant_specificity_0.7,infant_acc_0.8,infant_f1_0.8,infant_sensitivity_0.8,infant_specificity_0.8,infant_acc_0.9,infant_f1_0.9,infant_sensitivity_0.9,infant_specificity_0.9
0,20,857,0.7272727272727273,0.5989497374343585,0.09090909090909094,0.2909090909090909,0.8951048951048951,0.36363636363636365,0.3418803418803419,0.3333333333333333,0.375,0.8181818181818182,0.6944444444444444,0.3333333333333333,1.0,0.8181818181818182,0.6944444444444444,0.3333333333333333,1.0,0.8181818181818182,0.6944444444444444,0.3333333333333333,1.0,0.8181818181818182,0.6944444444444444,0.3333333333333333,1.0,0.8181818181818182,0.6944444444444444,0.3333333333333333,1.0,0.8181818181818182,0.6944444444444444,0.3333333333333333,1.0,0.7272727272727273,0.4210526315789474,0.0,1.0,0.7272727272727273,0.4210526315789474,0.0,1.0
