,n_estimators,min_samples_leaf,acc,f1,oob,sensitivity,specificity,infant_acc_0.1,infant_f1_0.1,infant_sensitivity_0.1,infant_specificity_0.1,infant_acc_0.2,infant_f1_0.2,infant_sensitivity_0.2,infant_specificity_0.2,infant_acc_0.3,infant_f1_0.3,infant_sensitivity_0.3,infant_specificity_0.3,infant_acc_0.4,infant_f1_0.4,infant_sensitivity_0.4,infant_specificity_0.4,infant_acc_0.5,infant_f1_0.5,infant_sensitivity_0.5,infant_specificity_0.5,infant_acc_0.6,infant_f1_0.6,infant_sensitivity_0.6,infant_specificity_0.6,infant_acc_0.7,infant_f1_0.7,infant_sensitivity_0.7,infant_specificity_0.7,infant_acc_0.8,infant_f1_0.8,infant_sensitivity_0.8,infant_specificity_0.8,infant_acc_0.9,infant_f1_0.9,infant_sensitivity_0.9,infant_specificity_0.9
0,836,20,0.6571753986332574,0.5313048120186075,0.15846681922196793,0.25206611570247933,0.8113207547169812,0.2727272727272727,0.26666666666666666,0.3333333333333333,0.25,0.6363636363636364,0.5416666666666666,0.3333333333333333,0.75,0.6363636363636364,0.5416666666666666,0.3333333333333333,0.75,0.7272727272727273,0.611764705882353,0.3333333333333333,0.875,0.7272727272727273,0.611764705882353,0.3333333333333333,0.875,0.8181818181818182,0.6944444444444444,0.3333333333333333,1.0,0.7272727272727273,0.4210526315789474,0.0,1.0,0.7272727272727273,0.4210526315789474,0.0,1.0,0.7272727272727273,0.4210526315789474,0.0,1.0
