,number_of_features,acc,f1,oob,sensitivity,specificity
0,21,0.9041570438799076,0.8831759219980919,0.09045419553502698,0.7536231884057971,0.9745762711864406
