,number_of_features,acc,f1,oob,sensitivity,specificity
0,17,0.9133949191685913,0.8682307210082225,0.09225044906338209,0.6729857819905213,0.9908396946564886
