,number_of_features,acc,f1,oob,sensitivity,specificity
0,17,0.9360730593607306,0.9069633360896381,0.07136507936507941,0.7710280373831776,0.9894259818731118
