,number_of_features,acc,f1,oob,sensitivity,specificity
0,20,0.9292237442922374,0.915409774787403,0.07301587301587298,0.8243727598566308,0.9782244556113903
