,number_of_features,acc,f1,oob,sensitivity,specificity
0,85,0.8672665916760405,0.8333619265472105,0.14976872109013628,0.6630824372759857,0.9606557377049181
