,number_of_features,acc,f1,oob,sensitivity,specificity
0,67,0.876265466816648,0.7981680536292187,0.1315164395549444,0.5280373831775701,0.9866666666666667
