,number_of_features,acc,f1,oob,sensitivity,specificity
0,61,0.9503464203233256,0.9408495314885148,0.05594046702591737,0.8623188405797102,0.9915254237288136
