,number_of_features,acc,f1,oob,sensitivity,specificity
0,42,0.9376443418013857,0.9093193717277487,0.06607646907877851,0.7772511848341233,0.9893129770992366
