,number_of_features,acc,f1,oob,sensitivity,specificity
0,7,0.8227848101265823,0.7256944444444445,0.10398860398860399,0.45,0.9491525423728814
