,number_of_features,acc,f1,oob,sensitivity,specificity
0,9,0.9302325581395349,0.9022727272727273,0.06095979247730221,0.8095238095238095,0.9692307692307692
