,number_of_features,acc,f1,oob,sensitivity,specificity
0,43,0.8488372093023255,0.7668404588112617,0.10723514211886309,0.5238095238095238,0.9538461538461539
