,number_of_features,acc,f1,oob,sensitivity,specificity
0,30,0.8953488372093024,0.8715778994524639,0.11240310077519378,0.7407407407407407,0.9661016949152542
