,number_of_features,acc,f1,oob,sensitivity,specificity
0,18,0.9767441860465116,0.973006905210295,0.04020752269779504,0.9629629629629629,0.9830508474576272
