,number_of_features,acc,f1,oob,sensitivity,specificity
0,24,0.8354430379746836,0.803143569101016,0.11396011396011396,0.68,0.9074074074074074
