,number_of_features,acc,f1,oob,sensitivity,specificity
0,43,0.8860759493670886,0.8194056388112776,0.06267806267806264,0.55,1.0
