,number_of_features,acc,f1,oob,sensitivity,specificity
0,25,0.9493670886075949,0.9401515151515152,0.031339031339031376,0.88,0.9814814814814815
