,min_samples_leaf,n_estimators,acc,f1,oob,sensitivity,specificity,infant_acc_0.1,infant_f1_0.1,infant_sensitivity_0.1,infant_specificity_0.1,infant_acc_0.2,infant_f1_0.2,infant_sensitivity_0.2,infant_specificity_0.2,infant_acc_0.3,infant_f1_0.3,infant_sensitivity_0.3,infant_specificity_0.3,infant_acc_0.4,infant_f1_0.4,infant_sensitivity_0.4,infant_specificity_0.4,infant_acc_0.5,infant_f1_0.5,infant_sensitivity_0.5,infant_specificity_0.5,infant_acc_0.6,infant_f1_0.6,infant_sensitivity_0.6,infant_specificity_0.6,infant_acc_0.7,infant_f1_0.7,infant_sensitivity_0.7,infant_specificity_0.7,infant_acc_0.8,infant_f1_0.8,infant_sensitivity_0.8,infant_specificity_0.8,infant_acc_0.9,infant_f1_0.9,infant_sensitivity_0.9,infant_specificity_0.9
0,20,100,0.6581395348837209,0.6413637369433365,0.12368728121353556,0.8050847457627118,0.6025641025641025,0.45454545454545453,0.45,1.0,0.25,0.6363636363636364,0.6333333333333333,1.0,0.5,0.6363636363636364,0.6333333333333333,1.0,0.5,0.6363636363636364,0.6333333333333333,1.0,0.5,0.6363636363636364,0.6333333333333333,1.0,0.5,0.6363636363636364,0.6333333333333333,1.0,0.5,0.6363636363636364,0.6071428571428572,0.6666666666666666,0.625,0.8181818181818182,0.7708333333333333,0.6666666666666666,0.875,0.8181818181818182,0.6944444444444444,0.3333333333333333,1.0
