,number_of_features,acc,f1,oob,sensitivity,specificity
0,73,0.9036144578313253,0.8812801716431253,0.08131720430107525,0.7358490566037735,0.9823008849557522
