,number_of_features,acc,f1,oob,sensitivity,specificity
0,23,0.8433734939759037,0.8070802789200787,0.10752688172043012,0.6415094339622641,0.9380530973451328
