,number_of_features,acc,f1,oob,sensitivity,specificity
0,17,0.8795180722891566,0.8226495726495726,0.116263440860215,0.6341463414634146,0.96
