,number_of_features,acc,f1,oob,sensitivity,specificity
0,26,0.9137931034482759,0.8941219423147134,0.08445297504798466,0.7636363636363637,0.9831932773109243
