,number_of_features,acc,f1,oob,sensitivity,specificity
0,17,0.9080459770114943,0.8653250773993808,0.09213051823416507,0.7142857142857143,0.9696969696969697
