,number_of_features,acc,f1,oob,sensitivity,specificity
0,16,0.8571428571428571,0.8169532655537426,0.14685314685314688,0.6181818181818182,0.9666666666666667
