,number_of_features,acc,f1,oob,sensitivity,specificity
0,26,0.8514285714285714,0.7514204545454546,0.12142403051493955,0.4523809523809524,0.9774436090225563
